Comment,Designator,Footprint,LCSC
100nF,"C1,C4,C6,C8,C12,C13",C_0805_2012Metric_Pad1.18x1.45mm_HandSolder,C49678
1uF,"C3,C10,C11",C_0805_2012Metric_Pad1.18x1.45mm_HandSolder,C28323
10nF,C2,C_0805_2012Metric_Pad1.18x1.45mm_HandSolder,C83170
4.7uF,"C5,C7",C_0805_2012Metric_Pad1.18x1.45mm_HandSolder,C1779
4.7nF,C9,C_0805_2012Metric_Pad1.18x1.45mm_HandSolder,C1744
D,"D1,D2,D3,D4,D5,D6,D7,D8,D9,D10,D11,D12,D13,D14,D15,D16,D17,D18,D19,D20,D21,D22,D23,D24,D25,D26,D27,D28,D29,D30,D31,D32,D33,D34,D35,D36,D37,D38,D39,D40,D41,D42,D43,D44,D45,D46,D47,D48,D49,D50,D51,D52,D53,D54,D55,D56,D57,D58,D59,D60,D61,D62,D63,D64,D65,D66",D_SOD-123,C81598
SMF6.0CA,D67,D_SOD-123,C123791
500mA,F1,Fuse_1206_3216Metric_Pad1.42x1.75mm_HandSolder,C70068
2N7002,Q1,SOT-23,C181082
1M,R1,R_0805_2012Metric_Pad1.20x1.40mm_HandSolder,C26115
5k1,"R2,R3",R_0805_2012Metric_Pad1.20x1.40mm_HandSolder,C26023
10K,"R4,R7,R8",R_0805_2012Metric_Pad1.20x1.40mm_HandSolder,C17414
470,"R9,R10,R11",R_0805_2012Metric_Pad1.20x1.40mm_HandSolder,C27834
SW_Push,SWR1,SW_SPST_TL3342,C318884
STM32F072-LQFP48,U1,LQFP-48_7x7mm_P0.5mm,C80488
TLV70233,U2,SOT-23-5_HandSoldering,C26833
NUF2221W1T2G,U3,SOT-23-6_Handsoldering,C274624
