Comment,Designator,Footprint,LCSC
100nF,"C7,C5,C8,C6,C9,C4",C_0805_2012Metric_Pad1.18x1.45mm_HandSolder,C49678
D0,"D49,D11,D55,D64,D63,D13,D35,D44,D56,D26,D9,D10,D32,D53,D12,D36,D25,D33,D40,D15,D27,D58,D24,D4,D48,D5,D7,D18,D28,D41,D54,D47,D39,D3,D59,D2,D16,D62,D8,D46,D23,D17,D60,D51,D38,D20,D50,D42,D52,D65,D14,D22,D31,D61,D37,D6,D66,D19,D29,D43,D45,D1,D34,D57,D30,D21",D_SOD-123,C81598
5k1,"R2,R1",R_0805_2012Metric_Pad1.20x1.40mm_HandSolder,C27834
STM32F072-LQFP48,U1,LQFP-48_7x7mm_P0.5mm,C80488
10K,"R5,R3,R4",R_0805_2012Metric_Pad1.20x1.40mm_HandSolder,C17414
4.7uF,"C10,C11",C_0805_2012Metric_Pad1.18x1.45mm_HandSolder,C1779
TLV70233,U3,SOT-23-5_HandSoldering,C26833
470,"R7,R8,R6",R_0805_2012Metric_Pad1.20x1.40mm_HandSolder,C27834
1uF,"C2,C1,C3",C_0805_2012Metric_Pad1.18x1.45mm_HandSolder,C28323
SMF6.0CA,D67,D_SOD-123,C123791
2N7002,Q1,SOT-23,C8545
NUF2221W1T2G,U2,SOT-363_SC-70-6_Handsoldering,C274624
500mA,F1,Fuse_1206_3216Metric_Pad1.42x1.75mm_HandSolder,C70068
10nF,C12,C_0805_2012Metric_Pad1.18x1.45mm_HandSolder,C1710
